loss,grad_norm,learning_rate,epoch,step,eval_loss,eval_accuracy,eval_macro_f1,eval_weighted_f1,eval_runtime,eval_samples_per_second,eval_steps_per_second,train_runtime,train_samples_per_second,train_steps_per_second,total_flos,train_loss
1.2626,12.419492721557617,1.6022346368715085e-05,1.0,358,,,,,,,,,,,,
,,,1.0,358,1.0062053203582764,0.6765402843601895,0.5046240951038768,0.6744794182780621,1.35,625.184,10.37,,,,,
0.8214,25.9879150390625,1.2022346368715086e-05,2.0,716,,,,,,,,,,,,
,,,2.0,716,0.9771275520324707,0.7049763033175356,0.4981440252467174,0.6964007176145423,1.3587,621.163,10.304,,,,,
0.5387,12.359130859375,8.033519553072627e-06,3.0,1074,,,,,,,,,,,,
,,,3.0,1074,1.04706871509552,0.7085308056872038,0.5571385428127594,0.7060134234377908,1.2756,661.67,10.976,,,,,
0.3287,29.467573165893555,4.033519553072626e-06,4.0,1432,,,,,,,,,,,,
,,,4.0,1432,1.2231390476226807,0.6848341232227488,0.5321262328216497,0.6851552493428225,1.3394,630.137,10.453,,,,,
0.208,37.18840408325195,3.35195530726257e-08,5.0,1790,,,,,,,,,,,,
,,,5.0,1790,1.3284403085708618,0.6966824644549763,0.5424196438305195,0.6910292356192996,1.2995,649.484,10.773,,,,,
,,,5.0,1790,,,,,,,,311.4942,91.864,5.746,1176798522725400.0,0.631882941389883
